{
  "$schema": "../node_modules/@tauri-apps/cli/schema.json",
  "build": {
    "beforeBuildCommand": "npm run build",
    "beforeDevCommand": "npm run dev",
    "devPath": "http://localhost:4321",
    "distDir": "../website/dist",
    "withGlobalTauri": true
  },
  "package": {
    "productName": "Strudel",
    "version": "0.1.0"
  },
  "tauri": {
    "allowlist": {
      "dialog": {
        "all": true
      },
      "clipboard": {
        "writeText": true
      },
      "all": false,
      "fs": {
        "all": true,
        "scope": ["$HOME/**", "$HOME", "$HOME/*"]
      }
    },
    "bundle": {
      "active": true,
      "category": "DeveloperTool",
      "copyright": "",
      "deb": {
        "depends": []
      },
      "externalBin": [],
      "icon": [
        "icons/32x32.png",
        "icons/128x128.png",
        "icons/128x128@2x.png",
        "icons/icon.icns",
        "icons/icon.ico"
      ],
      "identifier": "com.strudel.dev",
      "longDescription": "",
      "macOS": {
        "entitlements": null,
        "exceptionDomain": "",
        "frameworks": [],
        "providerShortName": null,
        "signingIdentity": null
      },
      "resources": [],
      "shortDescription": "",
      "targets": "all",
      "windows": {
        "certificateThumbprint": null,
        "digestAlgorithm": "sha256",
        "timestampUrl": ""
      }
    },
    "security": {
      "csp": null
    },
    "updater": {
      "active": false
    },
    "windows": [
      {
        "fullscreen": false,
        "height": 1200,
        "resizable": true,
        "title": "Strudel REPL",
        "width": 1800
      }
    ]
  }
}
