{
    "_base": "https://raw.githubusercontent.com/tidalcycles/uzu-drumkit/main/",
    "bd": [
      "bd/10_bd_switchangel.wav",
      "bd/11_bd_mot4i.wav",
      "bd/12_bd_mot4i.wav",
      "bd/13_bd_mot4i.wav",
      "bd/14_bd_switchangel.wav",
      "bd/15_bd_switchangel.wav",
      "bd/16_bd_switchangel.wav",
      "bd/17_bd_switchangel.wav"
    ],
    "brk": [
      "brk/10_break_amen_pprocessed.wav"
    ],
    "cb": [
      "cb/10_perc_switchangel.wav"
    ],
    "cp": [
      "cp/10_cp_switchangel.wav",
      "cp/11_cp_mot4i.wav"
    ],
    "cr": [
      "cr/10_cr_switchangel.wav",
      "cr/11_cr_mot4i.wav"
    ],
    "hh": [
      "hh/10_hh_switchangel.wav",
      "hh/11_hh_mot4i.wav",
      "hh/12_hh_switchangel.wav",
      "hh/13_hh_switchangel.wav",
      "hh/14_hh_mot4i.wav"
    ],
    "ht": [
      "ht/10_ht_mot4i.wav"
    ],
    "lt": [
      "lt/10_lt_mot4i.wav"
    ],
    "misc": [
      "misc/10_misc_switchangel_ludens.wav",
      "misc/11_misc_switchangel_ludens.wav",
      "misc/12_misc_switchangel_ludens.wav",
      "misc/13_misc_switchangel_ludens.wav",
      "misc/14_misc_switchangel_ludens.wav"
    ],
    "mt": [
      "mt/10_mt_mot4i.wav"
    ],
    "oh": [
      "oh/10_oh_switchangel.wav",
      "oh/11_oh_switchangel.wav",
      "oh/12_oh_switchangel.wav",
      "oh/13_oh_switchangel.wav"
    ],
    "rd": [
      "rd/10_rd_switchangel.wav"
    ],
    "rim": [
      "rim/10_rim_switchangel.wav",
      "rim/11_rim_switch_angel.wav"
    ],
    "sd": [
      "sd/10_sd_switchangel-bounce-2.wav",
      "sd/11_sd_switchangel_3.wav",
      "sd/12_sd_switchangel_2.wav",
      "sd/13_sd_switchangel_2.wav",
      "sd/14_sd.wav"
    ],
    "sh": [
      "sh/10_sh_switchangel.wav"
    ],
    "tb": [
      "tb/10_tb.wav"
    ]
  }